domain,model,seed,scenario,rmse,coverage_90,gaussian_nll,f1,precision,recall,false_alarm_rate,parameters,window_inference_latency_ms,adaptation_accepted,guard_loss_before,guard_loss_after
spacecraft,lstm,11,clean,0.23228644750696817,0.9955621301775148,0.4749225462306007,,,,0.010355029585798817,6284,0.13533203327824594,,,
spacecraft,lstm,11,packet_loss,0.23224835348172976,0.9955621301775148,0.4747557087315051,0.923076923076923,0.8571428571428571,1.0,0.011041009463722398,6284,0.13533203327824594,,,
spacecraft,lstm,11,spike,0.44283446062314746,0.9916173570019724,0.6020664529236367,0.08,0.1111111111111111,0.0625,0.012121212121212121,6284,0.13533203327824594,,,
spacecraft,lstm,11,stuck,0.2996127107422526,0.9817554240631163,0.5371217453862379,0.021978021978021973,0.14285714285714285,0.011904761904761904,0.010135135135135136,6284,0.13533203327824594,,,
spacecraft,lstm,11,drift,0.39190294038748635,0.9805226824457594,0.6075979290467854,0.021739130434782605,0.125,0.011904761904761904,0.011824324324324325,6284,0.13533203327824594,,,
spacecraft,lstm,11,regime_shift,0.44265216974367866,0.9334319526627219,0.6450397435971006,0.043010752688172046,0.2222222222222222,0.023809523809523808,0.011824324324324325,6284,0.13533203327824594,,,
spacecraft,lstm,11,mixed,0.45951292990051595,0.9844674556213018,0.6131320224242403,0.3148148148148148,0.7083333333333334,0.20238095238095238,0.011824324324324325,6284,0.13533203327824594,,,
spacecraft,lstm,11,adaptation,,,,,,,,6284,0.13533203327824594,True,0.47314465045928955,0.15417340397834778
spacecraft,xlstm,11,clean,0.2771633977381386,0.9955621301775148,0.5280945176266378,,,,0.010355029585798817,6244,1.0308942166375346,,,
spacecraft,xlstm,11,packet_loss,0.2786918510038412,0.9955621301775148,0.5347672130828737,0.923076923076923,0.8571428571428571,1.0,0.011041009463722398,6244,1.0308942166375346,,,
spacecraft,xlstm,11,spike,0.48114335804795233,0.9903846153846154,0.6811057625285339,0.08,0.1111111111111111,0.0625,0.012121212121212121,6244,1.0308942166375346,,,
spacecraft,xlstm,11,stuck,0.3390380629655926,0.9817554240631163,0.6096597434240667,0.043956043956043946,0.2857142857142857,0.023809523809523808,0.008445945945945946,6244,1.0308942166375346,,,
spacecraft,xlstm,11,drift,0.44894686426761865,0.9746055226824457,0.7375223370094248,0.021052631578947368,0.09090909090909091,0.011904761904761904,0.016891891891891893,6244,1.0308942166375346,,,
spacecraft,xlstm,11,regime_shift,0.45303244222281797,0.9317061143984221,0.7797429972317513,0.05607476635514017,0.13043478260869565,0.03571428571428571,0.033783783783783786,6244,1.0308942166375346,,,
spacecraft,xlstm,11,mixed,0.5232118967908743,0.9787968441814595,0.7436915876885725,0.33027522935779813,0.72,0.21428571428571427,0.011824324324324325,6244,1.0308942166375346,,,
spacecraft,xlstm,11,adaptation,,,,,,,,6244,1.0308942166375346,False,0.47040796279907227,0.8590909838676453
spacecraft,lstm,29,clean,0.22842801517106692,0.9958086785009862,0.546144161774265,,,,0.010355029585798817,6284,0.14889688330489056,,,
spacecraft,lstm,29,packet_loss,0.22839689955286477,0.9958086785009862,0.546178176166039,0.923076923076923,0.8571428571428571,1.0,0.011041009463722398,6284,0.14889688330489056,,,
spacecraft,lstm,29,spike,0.45727230477180936,0.9918639053254438,0.6885230867255498,0.08,0.1111111111111111,0.0625,0.012121212121212121,6284,0.14889688330489056,,,
spacecraft,lstm,29,stuck,0.3024657573211201,0.9824950690335306,0.6131730869671496,0.043956043956043946,0.2857142857142857,0.023809523809523808,0.008445945945945946,6284,0.14889688330489056,,,
spacecraft,lstm,29,drift,0.3938687896181638,0.9807692307692307,0.6963882403581351,0.04347826086956521,0.25,0.023809523809523808,0.010135135135135136,6284,0.14889688330489056,,,
spacecraft,lstm,29,regime_shift,0.44669434363618193,0.9457593688362919,0.7041645598615055,0.06451612903225806,0.3333333333333333,0.03571428571428571,0.010135135135135136,6284,0.14889688330489056,,,
spacecraft,lstm,29,mixed,0.4791619559170643,0.9844674556213018,0.717831751663847,0.3333333333333333,0.75,0.21428571428571427,0.010135135135135136,6284,0.14889688330489056,,,
spacecraft,lstm,29,adaptation,,,,,,,,6284,0.14889688330489056,True,0.5214016437530518,0.32076025009155273
spacecraft,xlstm,29,clean,0.294895202182601,0.9948224852071006,0.5036545389179025,,,,0.010355029585798817,6244,1.0623721000229125,,,
spacecraft,xlstm,29,packet_loss,0.2990614460701566,0.9943293885601578,0.5117034418904628,0.923076923076923,0.8571428571428571,1.0,0.011041009463722398,6244,1.0623721000229125,,,
spacecraft,xlstm,29,spike,0.502009738723285,0.9908777120315582,0.6504865819118845,0.08,0.1111111111111111,0.0625,0.012121212121212121,6244,1.0623721000229125,,,
spacecraft,xlstm,29,stuck,0.35007441478373746,0.9842209072978304,0.5967969493637845,0.021978021978021973,0.14285714285714285,0.011904761904761904,0.010135135135135136,6244,1.0623721000229125,,,
spacecraft,xlstm,29,drift,0.4610995586540436,0.9785502958579881,0.8292351119108297,0.043010752688172046,0.2222222222222222,0.023809523809523808,0.011824324324324325,6244,1.0623721000229125,,,
spacecraft,xlstm,29,regime_shift,0.5031999937270278,0.9585798816568047,0.6985279408783218,0.043010752688172046,0.2222222222222222,0.023809523809523808,0.011824324324324325,6244,1.0623721000229125,,,
spacecraft,xlstm,29,mixed,0.5455293849733928,0.9844674556213018,0.6613937075223816,0.2830188679245283,0.6818181818181818,0.17857142857142858,0.011824324324324325,6244,1.0623721000229125,,,
spacecraft,xlstm,29,adaptation,,,,,,,,6244,1.0623721000229125,False,0.5244126319885254,0.6644827723503113
spacecraft,lstm,47,clean,0.23491122448049265,0.9958086785009862,0.46155165704487405,,,,0.014792899408284023,6284,0.1827619000323466,,,
spacecraft,lstm,47,packet_loss,0.23511405388076495,0.9958086785009862,0.4625547811485199,0.8936170212765957,0.8076923076923077,1.0,0.015772870662460567,6284,0.1827619000323466,,,
spacecraft,lstm,47,spike,0.4514361518797945,0.9918639053254438,0.5876409859787081,0.07142857142857144,0.08333333333333333,0.0625,0.016666666666666666,6284,0.1827619000323466,,,
spacecraft,lstm,47,stuck,0.3037975478698507,0.9820019723865878,0.517753235618303,0.02127659574468085,0.1,0.011904761904761904,0.015202702702702704,6284,0.1827619000323466,,,
spacecraft,lstm,47,drift,0.40097354418903525,0.9805226824457594,0.6240858300064863,0.021052631578947368,0.09090909090909091,0.011904761904761904,0.016891891891891893,6284,0.1827619000323466,,,
spacecraft,lstm,47,regime_shift,0.42944288585103985,0.946992110453649,0.6253744692914164,0.041666666666666664,0.16666666666666666,0.023809523809523808,0.016891891891891893,6284,0.1827619000323466,,,
spacecraft,lstm,47,mixed,0.466410558010069,0.9844674556213018,0.6122062854146864,0.3063063063063063,0.6296296296296297,0.20238095238095238,0.016891891891891893,6284,0.1827619000323466,,,
spacecraft,lstm,47,adaptation,,,,,,,,6284,0.1827619000323466,True,0.45381641387939453,0.14266730844974518
spacecraft,xlstm,47,clean,0.2833963190338774,0.9945759368836292,0.4544104378884281,,,,0.011834319526627219,6244,1.0489019583474146,,,
spacecraft,xlstm,47,packet_loss,0.2889149618935293,0.9935897435897436,0.46327016948542976,0.9032258064516129,0.8235294117647058,1.0,0.014195583596214511,6244,1.0489019583474146,,,
spacecraft,xlstm,47,spike,0.4832778949240921,0.988905325443787,0.6440862099095369,0.07692307692307693,0.1,0.0625,0.013636363636363636,6244,1.0489019583474146,,,
spacecraft,xlstm,47,stuck,0.35254240312048585,0.9785502958579881,0.5653768157610352,0.0425531914893617,0.2,0.023809523809523808,0.013513513513513514,6244,1.0489019583474146,,,
spacecraft,xlstm,47,drift,0.42948798900622165,0.9743589743589743,0.5972126126369046,0.021739130434782605,0.125,0.011904761904761904,0.011824324324324325,6244,1.0489019583474146,,,
spacecraft,xlstm,47,regime_shift,0.46624928041240865,0.9644970414201184,0.6709459059174221,0.021739130434782605,0.125,0.011904761904761904,0.011824324324324325,6244,1.0489019583474146,,,
spacecraft,xlstm,47,mixed,0.5015297459074989,0.9829881656804734,0.6777345168220542,0.2803738317757009,0.6521739130434783,0.17857142857142858,0.013513513513513514,6244,1.0489019583474146,,,
spacecraft,xlstm,47,adaptation,,,,,,,,6244,1.0489019583474146,False,0.28286615014076233,0.44793564081192017
robotics,lstm,11,clean,0.3198618306640888,0.9869329388560157,0.5664669145617242,,,,0.010355029585798817,6284,0.14099290832139863,,,
robotics,lstm,11,packet_loss,0.3206073875925808,0.9869329388560157,0.5669408335447604,0.923076923076923,0.8571428571428571,1.0,0.011041009463722398,6284,0.14099290832139863,,,
robotics,lstm,11,spike,0.4784836534631427,0.9829881656804734,0.7184539449171418,0.08,0.1111111111111111,0.0625,0.012121212121212121,6284,0.14099290832139863,,,
robotics,lstm,11,stuck,0.320966666604993,0.9869329388560157,0.5674430672730214,0.0,0.0,0.0,0.011824324324324325,6284,0.14099290832139863,,,
robotics,lstm,11,drift,0.42441266043650056,0.9714003944773175,0.6701727557144785,0.0,0.0,0.0,0.011824324324324325,6284,0.14099290832139863,,,
robotics,lstm,11,regime_shift,0.47843543740164723,0.9297337278106509,0.7224930503350496,0.021505376344086023,0.1111111111111111,0.011904761904761904,0.013513513513513514,6284,0.14099290832139863,,,
robotics,lstm,11,mixed,0.4911344280071537,0.9758382642998028,0.7470289128692646,0.29906542056074764,0.6956521739130435,0.19047619047619047,0.011824324324324325,6284,0.14099290832139863,,,
robotics,lstm,11,adaptation,,,,,,,,6284,0.14099290832139863,True,0.5702885389328003,0.3496459722518921
robotics,xlstm,11,clean,0.3515035966420888,0.981508875739645,0.542296758292979,,,,0.008875739644970414,6244,1.1063662749923726,,,
robotics,xlstm,11,packet_loss,0.3515608613678044,0.9812623274161736,0.548492811982408,0.9333333333333333,0.875,1.0,0.00946372239747634,6244,1.1063662749923726,,,
robotics,xlstm,11,spike,0.5139376221942751,0.971646942800789,0.8987307544226514,0.08333333333333333,0.125,0.0625,0.010606060606060607,6244,1.1063662749923726,,,
robotics,xlstm,11,stuck,0.3526986436471675,0.981508875739645,0.5444660461951095,0.0,0.0,0.0,0.010135135135135136,6244,1.1063662749923726,,,
robotics,xlstm,11,drift,0.4649231718550019,0.9642504930966469,0.9819882053049275,0.0,0.0,0.0,0.011824324324324325,6244,1.1063662749923726,,,
robotics,xlstm,11,regime_shift,0.49599717985554714,0.9240631163708086,0.773443982537734,0.021978021978021973,0.14285714285714285,0.011904761904761904,0.010135135135135136,6244,1.1063662749923726,,,
robotics,xlstm,11,mixed,0.5269425898376155,0.9674556213017751,0.941062283575725,0.2857142857142857,0.7142857142857143,0.17857142857142858,0.010135135135135136,6244,1.1063662749923726,,,
robotics,xlstm,11,adaptation,,,,,,,,6244,1.1063662749923726,True,0.5610395073890686,0.357494056224823
robotics,lstm,29,clean,0.32897844908156515,0.985207100591716,0.6298852185730546,,,,0.010355029585798817,6284,0.13508098333356125,,,
robotics,lstm,29,packet_loss,0.3303930722704583,0.985207100591716,0.6314529392774784,0.923076923076923,0.8571428571428571,1.0,0.011041009463722398,6284,0.13508098333356125,,,
robotics,lstm,29,spike,0.49599878810062337,0.9812623274161736,0.8053941304015197,0.08,0.1111111111111111,0.0625,0.012121212121212121,6284,0.13508098333356125,,,
robotics,lstm,29,stuck,0.32988918134605655,0.985207100591716,0.630242043137954,0.0,0.0,0.0,0.011824324324324325,6284,0.13508098333356125,,,
robotics,lstm,29,drift,0.43101988013580234,0.9696745562130178,0.7286556218790791,0.0,0.0,0.0,0.011824324324324325,6284,0.13508098333356125,,,
robotics,lstm,29,regime_shift,0.48682668422115855,0.9462524654832347,0.7671306825226865,0.021505376344086023,0.1111111111111111,0.011904761904761904,0.013513513513513514,6284,0.13508098333356125,,,
robotics,lstm,29,mixed,0.5136674026906534,0.9738658777120316,0.8233308599354027,0.2830188679245283,0.6818181818181818,0.17857142857142858,0.011824324324324325,6284,0.13508098333356125,,,
robotics,lstm,29,adaptation,,,,,,,,6284,0.13508098333356125,True,0.6013760566711426,0.3880794942378998
robotics,xlstm,29,clean,0.37740372357535035,0.9748520710059172,0.5134781878301885,,,,0.011834319526627219,6244,1.001412616703116,,,
robotics,xlstm,29,packet_loss,0.37931191011740295,0.9723865877712031,0.5260687753704826,0.9130434782608696,0.84,1.0,0.012618296529968454,6244,1.001412616703116,,,
robotics,xlstm,29,spike,0.5421628467054938,0.9647435897435898,0.6661124702998948,0.07692307692307693,0.1,0.0625,0.013636363636363636,6244,1.001412616703116,,,
robotics,xlstm,29,stuck,0.3771239714051189,0.9760848126232742,0.5096605997244027,0.0,0.0,0.0,0.013513513513513514,6244,1.001412616703116,,,
robotics,xlstm,29,drift,0.48171339643171596,0.9585798816568047,0.7651583291512418,0.0,0.0,0.0,0.016891891891891893,6244,1.001412616703116,,,
robotics,xlstm,29,regime_shift,0.5283118878014322,0.9252958579881657,0.7223976219042981,0.02127659574468085,0.1,0.011904761904761904,0.015202702702702704,6244,1.001412616703116,,,
robotics,xlstm,29,mixed,0.5440441238736188,0.9627712031558185,0.695139569260227,0.2803738317757009,0.6521739130434783,0.17857142857142858,0.013513513513513514,6244,1.001412616703116,,,
robotics,xlstm,29,adaptation,,,,,,,,6244,1.001412616703116,True,0.5030449628829956,0.21252945065498352
robotics,lstm,47,clean,0.311585548803615,0.9861932938856016,0.5279060802962668,,,,0.013313609467455622,6284,0.13813192502614888,,,
robotics,lstm,47,packet_loss,0.31233306050063053,0.9861932938856016,0.5293018575241556,0.9032258064516129,0.8235294117647058,1.0,0.014195583596214511,6284,0.13813192502614888,,,
robotics,lstm,47,spike,0.4743047613508212,0.9822485207100592,0.6766696756127711,0.07407407407407407,0.09090909090909091,0.0625,0.015151515151515152,6284,0.13813192502614888,,,
robotics,lstm,47,stuck,0.311239949583149,0.9861932938856016,0.5267877960256153,0.0,0.0,0.0,0.015202702702702704,6284,0.13813192502614888,,,
robotics,lstm,47,drift,0.41576736307321427,0.9704142011834319,0.6649262918064076,0.0,0.0,0.0,0.015202702702702704,6284,0.13813192502614888,,,
robotics,lstm,47,regime_shift,0.4684180758192984,0.9324457593688363,0.6908082702954224,0.021052631578947368,0.09090909090909091,0.011904761904761904,0.016891891891891893,6284,0.13813192502614888,,,
robotics,lstm,47,mixed,0.48947521038952024,0.9743589743589743,0.717128219372241,0.26168224299065423,0.6086956521739131,0.16666666666666666,0.015202702702702704,6284,0.13813192502614888,,,
robotics,lstm,47,adaptation,,,,,,,,6284,0.13813192502614888,True,0.5267652869224548,0.30622416734695435
robotics,xlstm,47,clean,0.3538048722310642,0.9827416173570019,0.4461326287422189,,,,0.011834319526627219,6244,0.991267383324157,,,
robotics,xlstm,47,packet_loss,0.3562878487619172,0.9820019723865878,0.45392944783703104,0.9130434782608696,0.84,1.0,0.012618296529968454,6244,0.991267383324157,,,
robotics,xlstm,47,spike,0.507120129209375,0.9787968441814595,0.6275708744065783,0.07692307692307693,0.1,0.0625,0.013636363636363636,6244,0.991267383324157,,,
robotics,xlstm,47,stuck,0.35516675504159717,0.9829881656804734,0.4483735529186165,0.0,0.0,0.0,0.013513513513513514,6244,0.991267383324157,,,
robotics,xlstm,47,drift,0.4590188143650238,0.9674556213017751,0.6125424427323266,0.0,0.0,0.0,0.015202702702702704,6244,0.991267383324157,,,
robotics,xlstm,47,regime_shift,0.48372862287482826,0.9413214990138067,0.6481735358577188,0.021505376344086023,0.1111111111111111,0.011904761904761904,0.013513513513513514,6244,0.991267383324157,,,
robotics,xlstm,47,mixed,0.5686397029104197,0.9699211045364892,0.8065122174079923,0.2777777777777778,0.625,0.17857142857142858,0.015202702702702704,6244,0.991267383324157,,,
robotics,xlstm,47,adaptation,,,,,,,,6244,0.991267383324157,True,0.4682682454586029,0.26383107900619507
